1998,0,0,0,0,,,,,0,0,0,0,0,0,0,0,0,0,0,0,0,0,0,0,0,0,0,0,0,0,0,0,0,0,0,0,0,0,0,0,0,0,0,0,0,0,0,0,0,0,0,0,0,0,0,0,0,0,0,0,0,0,0,0,0,0,0,0,0,0,0,0,0,0,0,0,0,0,0,0,0,0,0,0,0,0,0,0.0365624987,0.2264516046,0.250714268,15.1134629808,0.7679088385,0.1521926781,0,0.1595738786,1.1983970559,0.2572524331,0.0818181797,0,0,0.557502615,0,0,5.2790576085,4.844022049,0.9691065643,0.3844578096,0.3397775469,1.7795656446,0.3791318252,0.5250105776,0.1523916274,0.2102273452,0.4827031248,0.3351841387,0.1023932397,0.4871329323,0.0585208734,3.8561254084,0.5521794669,2.1305902843,4.2242663801,2.4068288277,0.0912850473,1.5314436557,4.0006665358,1.4124632075,1.2619652689,1.7104922757,1.3304328013,2.498923175,9.9442612013,0.1306121118,2.2908311158,3.6773761392,1.6343377329,3.1546889305,3.7421941637,0.2936992776,0.3898699091,2.2262747154,3.0775073275,3.7548381515,1.6577209044,2.8646968145,5.7824818393,2.5962979838,4.4527583435,2.8820782844,2.8810221195,2.5714337699,3.5602063008,3.6398133278,3.5088276029,0.7017478235,2.7361984491,3.2031816185,3.7485731836,2.335309574,1.2722556569,2.7954027995,2.0002357841,3.3104432002,3.7088814792,2.8311811805,2.3113426924,1.8695622988,3.8877922624,1.6434066797,1.8606426368,3.4356890796,0.9916548271,1.6076248348,2.2657932125,0.7918328226,1.4277598567,0.5263097333,0.6130734691,2.4191480901,0.4634046812,0.8429590791,0.290165589,0.8173854943,1.2818101317,0.9868457418,1.016781576,0.0861255474,0.1541923124,0.1350519914,0.1321312639,0.262369214,0.9620340247,0.5573438052,0.7409666087,0.1553964239,0.6063735664,2.0787319973,0.3548849553,1.0802428305,0.5584706701,0.4302702468,0.6156585425,3.068881005,0.6267477572,2.5028290562,6.4488865346,8.2893182874,1.3991786718,0.8617460608,3.5854357287,0.6963850431,3.7803950965,0.2242693119,0.2492568441,1.4599215873,2.8619873375,2.1288094684,1.3475765377,1.3255137008,2.6404720575,0.6380954508,0.3513009679,0.1635589082,0.2143735122,0.3315121334,0.6554045461,0.7785782233,0.5031646315,0.3605894886,0.4058822408,1.0819569901,0.7241572361,0.3877260286,0.7277889842,2.3688188642,0.2909636322,0.608026382,0.298171474,0.3007788206,0.2298388509,0.8424088579,1.0007698894,0.3012229536,0.1461000018,0.0991499986,0.3074999958,0.358799997,0.1752000005,0.1829999976,0.646949986,0.6493499976,0.5287499957,0.5308499908,1.9060499493,5.6921999544,6.5404500723,3.4537499525,0.6597000064,0.3562499925,0.2959500004,2.0222999781,1.3332000006,1.423499983,0.3980999969,0.1799999939,0.2602500009,0.2968499975,0.3880499968,0.4367999952,2.3368499599,2.0401499923,0.2395499956,0.1256999964,0.2767210573,0.9553709269,1.3269480567,1.1322994675,1.3467034239,0.1585897744,0.0187639862,4.6602791244,9.5281522632,0,0,0.0234012991,0.1139135748,0,0,0,0,0,0,0,0.0730322631,0,0.0517499924,0.0134197783,2.1789007425,0,0,2.8248815261,0,0,0.0117642845,0,0,0,0,0,0,0,0,0,0.0449999981,1.3747499213,0.0224999994,0,0,0.9922499731,0.3824999921,0,0,0,0.1169999957,0,0,0.3644999832,0.2295000076,0,0,4.4662498489,0.4747499779,0.4207499884,0,0,19.6371091872,0,0,0,0,0,0,0,0,0,0,0,2.3620714843,0,0,0.2305112094,0.0224999994,0,0,0,0,0,0,0,0,0,0,0.1889999956,0,8.4920645058,
1999,24.2863525867,4.351630196,0,0,0,0,0,0,0,0,0,0,0,0,0,0,0,0,0,0.6971497297,0,1.6767215341,0,0,0,0,0,0,0,0,0,0,0,0,5.9851893857,3.1856599897,0,0,0,6.2526232928,0,0,0,0,0,0,0,0,0,0,0,9.6373008221,0.5759999633,0,0,0,0,0,0,0.6164999932,0,0.7717499495,3.8534988254,0,0,0,0,0,0,0,0,29.7122217208,0,0,0,0,0,0,0,0,0.0404999971,0,0,0,0,0,0,0,0,0,0,0,0.2592913091,14.3856433868,24.8610859036,5.8540509492,1.8886109397,1.0794230238,0.0541251481,0.5102096677,0,0,0.0994394764,1.5683931738,0,2.9109374881,1.6025025338,5.6297047839,22.2264797121,0,0.0202524334,0.0581648484,0,0.2039374113,0,0.063693285,0.1716028184,0.2660274863,0.0072754227,0,0.2554954933,3.3432027915,1.1441023812,4.3697286904,4.0587576376,9.0777324677,0.8084795326,0.8041072074,5.9201756582,2.6247162104,15.4237411499,18.2282559633,0.7697600091,0.7403457398,12.0192724109,3.6443042278,0.127082738,0.3578940571,1.0897371344,0.9235039602,0.8625835048,2.2138563409,4.442742902,3.9120544314,1.3657117393,5.9957364768,0.5780960512,0.7880344398,0.6718406523,1.0173102972,4.8335243657,2.121224159,0.5974034866,1.6341049923,1.1920125848,1.226687092,1.0288361001,6.0359887242,2.0052496932,1.7395722091,3.1555636644,3.4438201696,1.4554411966,0.8085890638,1.200203136,1.7010437213,1.457391266,0.5502397101,0.2450123111,0.3360413233,1.9556364306,2.2544740535,1.7491991568,4.9634795904,7.2924725056,0.5208852119,0.8211570755,2.3572626695,0.2467708594,0.3194912793,1.1004569422,1.7210877746,2.5876883503,3.5532497566,4.0876271829,12.0617712259,3.7740985841,6.1446775436,2.6028141797,3.5424094945,0.5460014939,3.2330314741,2.0321879841,7.6165613294,0.3717275837,0.2808545945,0.1238241209,0.7499005504,0.4287635615,0.3119172171,0.8623175438,0.6299681403,0.6014563601,0.8448730934,1.0310494382,2.2526460156,1.0871358467,1.8970584463,1.0455917925,0.2269481644,1.4567690566,0.4845205147,0.1578016853,0.5510587419,0.2381446281,0.0534171299,0.0354259724,0.090589729,0.104923897,0.1182427974,0.1292190245,0.2011844389,0.6179114448,0.8070709769,2.457361491,0.2303466367,0.1856670275,0.640541682,0.3445559524,0.4312256325,0.2445562266,0.3331243053,0.0494578502,0.1080200559,1.5938916299,1.8661987275,0.9282996275,0.3093402857,0.5953708764,0.1769121332,2.5564263791,0.1397586876,1.8901568331,0.1924987609,0.4240753839,0.3352674773,0.6852926113,2.0609457746,0.3050968613,0.6161140312,0.4240075691,0.3447515561,0.4623274072,0.1805708018,0.5394342759,0.325794185,0.1716619985,0.2364733829,0.2927741497,0.2962588123,0.2453453567,0.1708790707,0.2092559244,0.1470836992,0.0959326269,0.7611648345,2.3700104207,3.6878659606,1.6387699336,1.4650080234,2.5701847941,8.8893280745,0.373689533,0.1310999957,0.0285000009,0.0238500005,0.1779174781,0.093644346,0.0421499996,0.1156849504,0.0038999997,0.0380999997,0.0567000019,0.0250500007,0.0571254778,0.0695240859,0.7251855552,0.0466353904,0.0594000001,0.0584999998,0.0170999998,0.0054000001,2.3591220021,0.9292296071,5.4753104389,0.4576189525,0.8903999973,1.8043260544,6.8989850119,4.0770237334,2.9920499377,0,0,0,0.2497500062,11.4152124882,0,0,0,0,0,0,0,6.504749918,1.3139999986,0,0,3.5598928809,0,0,0,0,0,35.7974305212,0.141084981,0,0,0,0,0,0,3.4322128832,0.3798854947,0,0,0,0,0,0,0,0,0,0,0,0,0,0,0,0,0,0,0,0,0,0,0,0,0,0,0,0,0,0,0,0,
2000,0,0,0,0,1.4984411344,0,0,0.5067970186,0,0,0,0,0,0,0,0,5.5083954155,8.0436895728,0,0,0,0,0,0.0576885313,1.263850987,0,0,0.0519603431,0.1845000029,2.4080438152,17.5369496703,0,0.1486417152,1.0912827568,0,0,0.0512901306,0.0461716354,0.0463109585,8.9898302078,0,0,0,0,3.0917064734,0.1921761449,0,0,0,0,0,0,0,0,0,0,0.2369887123,0.2086222939,0,0,0,0,0.0255501963,9.8454507232,0,0,0,0,0,0.2950051352,0.0215050817,0,0,0,1.3400951616,0.7107422743,0,0,0,0,0,0,0,0.9180441022,0.304101266,3.3635908883,3.4850291159,0.8079602607,3.3571676314,0.3731379986,0,2.7542367831,1.5672137816,3.6012611106,0.5001766367,0.0012544784,0.0925458739,0,0.1512111697,0.2512436379,0.602840462,1.2861740887,3.1623962507,4.5887809515,0.6003133244,0,4.6287282739,2.1935528006,0.530512576,0.8129862677,0.0884776986,0.099160354,1.1904818557,1.5310819566,2.0453317054,3.6115393512,12.0547123432,1.9698026337,4.7585137427,4.1408209145,0.8892867928,2.89266866,2.3435588419,2.6338574357,1.0706853334,1.2616807229,0.6059770362,1.1780374054,1.065441034,1.3943047546,2.5474037206,1.068010715,1.2310449958,1.612777148,0.4716884865,0.9442976887,0.7134745602,0.8101346234,0.9459016446,0.8877405361,2.8827298913,4.111128369,0.8010583841,0.5437151278,0.3660493271,0.4747964603,0.3892851561,0.6223510135,1.50519007,1.8526729468,3.3513036847,1.1436123353,1.3979815796,2.8575679006,1.912587852,0.9540615101,0.800553409,1.0765208703,3.4676257363,1.6400772339,0.9455428143,0.7508385452,0.5738205946,0.4762266519,0.3764514232,1.4338161688,0.4741512218,0.608373066,0.6673159378,0.5868270584,2.0855622835,2.3201488219,0.8312135256,0.4859306006,0.4488338458,0.2970107186,0.3524623326,0.4009483879,2.3180867889,0.9446979746,0.3222383844,0.6167786001,0.4545275723,0.6303725063,0.2722232257,0.2540955323,0.6901748959,0.2080284092,0.1145767258,0.1468963352,0.4008259447,0.6907494034,0.1723756177,0.3675208626,1.0565168381,2.0024151266,0.9578652074,4.8644320011,4.2193319112,1.4512397531,0.4392567549,0.2813274523,0.545098275,0.8155896407,1.2037508123,1.3079721257,0.244090251,0.1641526659,0.2007154994,0.2425340583,0.1687606374,0.323753013,0.9411906872,1.8339262573,0.2882845169,0.2112544417,0.1449362902,0.2208621827,0.2950360347,0.3263857775,1.2334861297,0.8608515223,0.2355133196,0.2195770278,0.202800251,0.1887362956,0.1733407353,0.2746451735,1.7290615812,1.8211901113,0.2919421233,0.2612177641,0.6778449316,0.2183951772,0.3711469567,0.2233996156,0.2334725813,0.2920379392,0.1853407363,0.2399225826,0.1476725858,0.1793999978,0.1848907317,0.2697314679,0.1876190242,0.132374926,0.1654799045,0.2194490652,0.4554468643,0.3140758121,0.3732515858,1.0827628184,0.1797160253,0.1805734436,0.9285906635,0.3259133711,0.2036348902,0.2762721241,0.2082394427,0.1746676471,0.1822490769,0.1766313951,0.455548405,0.4623185677,0.5101621532,0.2760971792,0.2539874047,2.3867119536,4.0910920501,0.4199531841,0.5436972639,0.6281952056,6.1586469203,1.310209319,2.7452459209,10.2757526934,1.7755926609,13.728754282,2.5125563137,0.157661207,0.0560779821,0.684138594,3.0057430983,2.6624862924,2.3904987276,0.6777444854,0.957566423,20.0567392945,30.8063020945,12.5875090122,3.9103500642,8.1040369108,1.2006801397,3.2898848943,4.6385095656,1.5933516137,0.1363369063,10.6075019836,0.3097645834,1.9187203765,0.9034625366,1.3484944455,1.3207843766,1.0316440314,3.0201440066,0.2593339264,1.0525761008,0.8954999745,3.491352886,0.9003284216,0,3.5906263262,0.2653975487,1.6205091685,2.9844327182,0.1874397691,0.1878503501,0,0.4819648743,0.6488610715,1.5371189982,0,0.431912899,0.233955799,0.6662604362,0.0885903507,0.1370529056,0,1.1395815134,0.1258686066,0.0853029102,2.6254896879,2.6138785928,5.5453307763,0,10.6858742446,29.1144288719,0,0,0,0.2239097714,0,0,0,0,0.2897255003,0.1805218697,0.6989176631,0,0,6.8650241673,0.8866397619,0,3.0755365372,0,0.5406268299,0,0,0,0,0.4782603979,0.6518964529,0,0,0,0
2001,0.0195756227,1.4248456046,0,0,0,0,0,0,0.1505310215,0,0,0,0.2064327419,0,19.4966133714,7.2818841681,0.2544645086,0,0.1010500535,0,0,0,0,0,0,0,0,1.1871809982,0.1803509757,1.6556960329,0,0,0,0,0,3.3417379059,0.5123260975,0,0,1.1658605628,0,0,0,0,0.0491930842,19.7077419221,0.0748556376,0,0,0.6516588271,0,12.0581815965,15.031785807,0.7090515792,0.3192975312,0.2468292713,0,0.2344844937,3.5261294313,2.2002588224,0.0242952421,0.4752817243,0.2936406124,0.070917391,0.1816783473,0.5764589757,0.0212337833,0.0120761229,0,9.7620029777,7.9740673065,5.0262112632,0.3081570208,0.0084709197,1.5339533754,1.5418431446,1.7458511263,1.861948099,2.1965071414,0.1830837097,0.5329757374,0.1669634119,0.6749724951,0.498114422,0.2883837041,2.4558070816,0.082741522,0.3443828356,0.0684365358,0.869988976,3.9869616017,0.8486799535,0.1259641754,2.492727983,9.2689611629,0.713691505,0.1984867975,0.7918079718,0.5434904901,0.9132816022,2.3984660879,2.3019021988,2.6943889674,1.9086019021,2.135323932,0.1615745945,1.4767157378,0.4771919614,7.8587022603,0.8241242521,0.3244119124,1.6514916004,10.4783993185,0.4163205914,0.4517155442,0.602634535,1.9077639292,1.9362405835,1.5508733332,3.220303411,1.979783614,0.4932003554,0.9709448073,1.1377950829,0.9156920306,0.9530173149,0.6164835302,0.5283044733,1.6208176322,2.3003681593,0.9080668904,0.9566832367,1.0968949884,0.5749665741,0.6438421478,0.5819424622,0.5152451966,1.1127431616,0.8450536832,1.4400060046,0.5696231548,0.6712714552,0.4384484567,0.857509733,0.7459912304,0.5387970865,0.7248218235,4.5627947725,0.9238162717,0.4229724295,0.5901781242,1.3563915253,0.5945946536,1.2049651212,1.3339166645,0.7742318016,0.6400499979,0.6859499786,0.580060047,0.4737248291,0.5714738523,0.3984258601,0.355638916,0.297374459,0.7043652067,1.2177633334,1.640224334,0.7847515143,0.9041037767,0.4416563589,0.638437019,1.0259212184,2.4788122818,0.3309410368,0.3086999923,0.4582057298,0.2726999971,0.2210999968,0.126299998,0.0541499997,0.1067341381,0.2119347794,0.6068725942,0.5263440235,1.3623213511,0.7580779079,0.5393880077,0.1923171276,0.4769787826,0.5441804469,0.2648462873,0.2331074689,0.3585242938,0.2470447283,0.0810730625,0.3481679732,0.4999933699,2.1283444129,1.0230574265,0.8755486881,1.2540662758,0.1551007206,0.2731352847,3.4029761545,2.3918963701,0.2737876612,0.1972807826,0.6177533077,2.4018784985,3.3775679991,0.8002763655,0.6198963296,0.3328731081,0.2460598541,0.3538674481,0.3808329391,0.3318823496,0.4811371839,0.3328425899,0.2933132784,0.3086669678,0.3083761931,0.6330416091,0.6909110745,1.6757837674,3.6494094115,2.1240830097,0.2876810171,0.284411069,0.2940355245,0.5393187735,0.3310043076,0.2894617515,0.3075360332,0.4763157679,0.3889197393,3.4891831845,10.7363149315,1.4367446702,5.4826383665,0.4718977353,0.4533227241,0.3788235918,0.1141174443,0.5224987632,0.2755962083,0.0915150732,0.149552514,0.1912145893,0.1681127493,0.115052516,0.1720023842,0.1322999969,0.1670588474,0.3072708842,0.044252514,0.1328294229,0.1081061938,0.0796499971,0.088414379,0.8244379535,0.4207656215,0.0393799986,0.059099998,0.4290445427,0.0870114839,0.1543830698,1.3601505846,0.1235935445,0.0846025151,0.3020206909,0.1786499984,0.1334016846,2.487026234,2.0821044058,0.2786610194,3.5849495437,5.9320965322,1.6031835474,1.9247587882,1.0376057725,11.4549168408,0.7738775766,2.1511509769,0.6143549904,1.9045098096,1.2839863259,0.1753083915,8.6369692396,9.9781253219,0.2442420721,1.6674140107,22.4141153455,1.3238223486,12.0653726282,10.1024089783,1.9259996861,4.8839868918,0.5571328018,10.1883967236,0.3500920586,1.5252098557,6.0992689997,7.1585861541,0.5859713376,5.8458852768,0.613396959,0.8642066497,0.3125470523,0.0790729478,5.2356078684,0.6952879194,0.3669740051,0.4540560812,1.3575842559,6.5962884188,0.6533086194,0.1296171917,0.5421766222,0,0.4486726254,0.1814689934,0.1521907665,1.2650468796,2.2564629242,0.0931542918,0.5960795671,0,0,0,0,0.1348877311,4.3519924641,1.3342049658,0,0,0,0,0,3.2917516887,0,0,0,0,0,0,0,0,0,0,0.125999999,0,0,0,33.3485972643,0.4994999945,0.0967499971,0,0.6255000055,0.3262499809,0,0,0.3014999866,0,1.676413092,
2002,0,0,0,0,0,0,0,0.4274999887,3.0464999534,0,0.0157499999,0,0,0,0,0,0,0,0,0,0,0,0,0.0112499997,0,0,0,0,0,0,0.64799999,9.6894687265,0.022075507,0,0.0433059752,0.8632473677,0,0,0,0,6.0389836669,3.7328118563,0,0,18.5345371723,6.227592501,0.0296940535,0.2344426721,0,0.5619604453,0.2047499776,0.7247354507,0.6722735092,6.6640162408,0,0,0.916801855,11.6933145821,14.3779740438,26.0359784722,0.032129547,0.38232283,1.2599174798,1.6433797374,0.1749149166,0,0,1.2154885143,3.8734698981,0,0.2996213362,0.0755842626,0.3497896172,2.0599552184,1.136764884,1.167925033,1.6154745102,0.8747719526,0.9578219943,6.1901986569,14.4643223643,4.8694902599,3.3478808478,1.0493999358,0.2879651457,1.6978007823,1.793150451,8.887517941,9.7727847055,1.6546203986,2.1158805892,0.8261072576,1.0891699135,22.7402683139,35.4153374672,1.6761301488,2.0233941883,1.1897713065,1.9998949721,1.5578835495,6.3432620749,5.4811503887,2.0587464511,9.2262972057,7.7595383763,1.1921865895,2.5689267412,2.1325104825,10.6343524396,2.0936230309,14.6650235891,14.7990576982,5.9286303475,1.4605746217,4.4151817873,8.7377294719,1.0282999352,0.9197868824,1.0092937797,1.711161869,4.7350351661,1.0107194044,0.4847032912,0.8087996416,4.3742676888,3.394551076,0.106988091,4.4563598625,2.1098593157,3.2315470688,2.5015741512,3.9760768823,7.809011209,4.0836866692,2.6070475981,4.8646464467,1.378626756,1.6565188315,2.6974198878,0.714175595,0.4081389122,0.9860928979,3.517269541,2.0485142367,4.4254115678,3.1702620599,20.2164740801,3.0104138665,2.0076084487,4.3460746571,10.202970767,1.928173805,3.0666722089,2.2823205113,2.5816403493,2.8794328433,0.9013946172,2.5975603025,6.1005509943,3.4189330235,0.8049214534,1.5522299444,0.5853963065,1.2367883638,1.0725484521,1.6237987146,3.5616473693,1.2491903724,2.0412927378,1.1935947947,1.2067487773,0.8415542845,3.6443826795,1.7898393076,1.1401435655,1.413202206,0.6109791891,0.7306822412,0.7838682868,0.8276735298,1.4611282833,2.2781151772,2.4401513927,1.753342209,2.0928603433,1.2997591645,2.4538867265,1.7017638374,2.7312080227,1.7260647342,2.4649021298,2.4765046436,1.0673999906,1.0913891353,1.0821000144,1.4341499969,1.4718842432,0.7179000102,0.9077891476,0.5113027707,1.578914338,1.5159999043,1.6937118091,1.2418499913,0.7145999908,0.8092499934,0.8074499987,1.8604942631,1.7886317715,1.4503776431,1.2301499858,1.4028486252,0.2700002966,0.3700418986,0.9070707165,0.7450935556,0.3742824759,0.1870980587,0.1229958984,0.1531798949,0.2466079419,0.1663721405,0.2088769781,0.1775367881,1.7329448298,1.3286778629,0.1827290737,0.3047950961,0.2070603751,0.3331143645,0.2772844452,0.1891118031,0.2299353711,0.1700125261,0.177761166,0.2254400562,0.1464580443,0.238043659,0.2186063322,0.1537202918,0.1815007862,0.6743475148,0.9105750563,0.5662584713,1.010614185,0.3071055613,0.6524310184,0.3539708135,0.2317110177,0.3413053746,0.2047738088,0.205349989,0.2747999966,0.2385000007,0.2738998851,0.2819214322,0.2402999993,0.2925158533,0.118049997,0.1962895649,0.1978896858,0.2597133872,0.262799998,0.262200002,0.1426499981,0.1080000032,0.1283918791,0.2163853297,0.8628151564,0.5203964426,0.3037601628,0.1867500031,0.1012838949,0.215728341,0.6408012331,0.7078986228,0.7081461646,0.6381283443,0.3892669633,0.8113230012,0.1946745679,0.5726396658,0.3167945199,0.3482356895,0.6141559243,3.0660748094,1.3285197049,1.8332954541,0.6511260301,1.0422247533,2.3019141372,0.8343535051,0.3418069251,1.2865148306,1.0005566709,1.1393743441,0.5560214631,1.9116698474,1.325944924,0.4387144856,0.2690361366,1.8135382848,0.2272560619,0.9899626017,0.7119026735,0.0585572347,0.1296896115,0.3808057986,0.5537553161,0.3500111639,0.409412697,0.2837660171,0.0157462746,0.7768050082,0.4468722716,0,0.2433855727,2.9604994878,0.5360614046,1.7918127857,0.4994512498,4.6641299918,2.248503831,2.1854514733,1.4886455476,1.6692556933,0.5129676029,0.3162864581,0.787987468,0.0358237609,1.2626018882,0.0397297144,2.5442242682,0.3242451906,0.19575001,0,0,0,0,0,0.2250782013,57.533569479,0.6363190651,12.5386853218,4.0452858448,2.9171751976,0,0.5537137985,0,0,0,0,0,0,0,6.4270711869,0,0,0,0,0.492750001,0,0,0,0,
2003,0.1434715956,0,0.6328884423,0.5595906466,0.039702636,0.0394301653,0,0,0,0.1727982759,0.9442897916,0,2.6968123078,1.0987513661,3.3199503839,1.7355743498,0.6569711387,0.6001125157,0.1467623234,0,0,0,0,0,0,0,0,0,37.2489358544,1.9881058753,0,0,0.0885928869,1.416467905,1.9448359013,0,9.5712397605,0.4605605975,0,0,0,0,11.2417245388,1.5723444805,1.0802614003,12.6889485613,1.2296965674,0.1015378833,0,0.4113057688,0.9636642694,31.1064738035,0.0155934542,0,0,0,0,0.3141914144,0,0,0,0,0,0,0,0,0.5846471295,0.3745715618,0.6321301073,0,6.9843032956,2.2182453066,8.9260434896,0.4728129819,0.2263963282,2.7791054606,0.5154491976,0.4499635547,1.5717496395,0.5073328465,4.0755565166,2.5868385732,0.9002434522,21.5537759662,16.7139554739,13.4471064299,2.5473913014,0.3340365261,1.6678877234,0.0364554554,0,0.1393911034,0.5669026271,2.4943968728,0.2717273176,22.1425027594,3.6207741469,1.1872233778,1.3605815217,7.9669710383,0.1271965861,1.2264864564,17.6644511044,28.8558722854,11.1033013806,0.6662548468,2.4525426,6.0023091793,3.31600307,0.8557512656,1.6676963121,0.6478303149,11.3844073892,13.1143292904,1.0419104397,1.5363366544,11.6803848162,3.1050975546,4.3477585435,2.8951200694,0.9278080091,0.2535323326,0.1439309021,0.6347807648,0.4755332971,0.0395438347,3.9065301213,5.0644485503,3.3375920489,8.678084898,2.5787894264,1.0152361009,0.6866358753,4.0402946271,1.8930134479,2.3833101861,2.3597382732,0.7828354575,4.1370096076,5.4988872472,5.708409375,2.9464673527,4.742663157,6.9469484508,1.9605019409,7.4649624765,1.5030646533,2.3801639348,5.2605329126,1.8110451713,5.0316832729,0.9538364187,2.2500407502,5.7214778811,1.7986878289,2.6040732935,4.2702720761,2.6349004805,0.9753437683,2.7021183401,1.7225276068,5.2998543739,1.3832423985,1.5295925602,0.9195561238,1.6777645633,1.1548919141,0.858831943,1.0562298216,2.7853259228,1.5014712621,3.823160037,1.6793327942,1.4903203487,0.5869008124,0.4685620392,1.0802204285,0.8059366755,1.5422693577,1.0916496981,0.9031466492,0.4722097738,1.6402993824,0.8587564618,0.5836929,1.1164881542,0.7400372572,0.6227078817,0.8428233378,0.7211873639,0.3866527796,1.8636614738,6.2390514582,2.0751011025,0.4090154891,0.2541359415,1.702859759,0.3362177864,0.4803876182,0.4041782138,0.4287688872,0.4601354765,0.3046806576,0.3700219229,0.3957068738,0.5665700102,0.4300444895,0.4368931239,0.5233729549,0.3812344247,0.360362446,0.289775629,0.8803341925,0.2521582849,0.5962579915,0.816181413,0.4186213788,1.089108656,0.5901471321,0.4362819895,0.2971558203,0.3252800036,0.3475282667,0.2163194149,0.2097419156,0.3080516612,0.1432337666,0.1360040761,0.2039900591,0.2731300232,1.256932174,0.6574763153,1.2382503215,0.6526171857,0.1893840885,0.2294009755,0.583144726,0.3246156688,0.2224159784,0.4169530666,0.3801552626,2.8842190772,0.1343248503,0.1771718564,0.1088159692,0.8499797449,0.6031948916,0.6469291992,0.1600296933,0.0705899317,0.0552492669,0.3611514991,0.1415363526,0.1905436125,0.1691200352,0.081429844,0.2024930704,0.1759236123,0.1631207101,0.216557546,0.1728543888,0.1306539435,0.1312083988,0.1782735869,0.0921769684,0.3047592381,0.0937744915,0.1037484164,0.3093220493,0.0106191055,0.0151574987,0.0113999996,0.0106595162,0.219937839,0.1599503428,2.2287916511,4.07482308,1.5384499695,9.6135345906,2.9049653143,2.4937682029,1.8640643314,1.19226446,1.4613976454,1.072755995,0.6325938676,1.4076600134,1.1354758732,1.4410758438,1.4617447432,1.4988262665,0.9534319051,0.7413200635,0.6534985997,0.6917052269,7.7946354806,0.3511511896,0.3973946217,0.7476191744,0.586925211,0.9836234115,1.2598199164,0.7394990008,1.7012693133,3.8052326143,7.7217649475,5.3895656735,26.1351856709,0.6907499641,0.8306189632,0.6772499572,0.038889271,2.5409102574,0.3980898982,0.0944999963,7.132281518,0.7134223729,0.8158532977,3.6014712229,0.5740087032,0.0674999982,0.3710435957,0,5.3929566711,1.2096553266,2.9926350197,0.3039206028,0.8318864375,3.4531772166,0,0.0674233958,1.15718548,0.0237656683,1.3340458989,0.065595299,5.2032219887,0,0.1551163197,0,0,5.8682517886,0,0,3.8428053141,0,0,0,0,0,0,0.2136366606,7.5180341721,5.2697639644,5.8158786505,3.6793793678,0,0.0285229415,0,0,0,0,1.8894747108,0,0,0,
2004,1.7719695926,0,0,0,0,0,2.0625523299,0.048359108,0,13.4924321145,2.9908968896,0,0,5.0413470179,0.0905145586,30.1911759466,0,0,2.2570221543,0,0,0,0,0,0,0.0652500033,0,0,0,0,0,0,0,0,0,0,0,0.4387499571,0,0.0382499993,0,1.961281085,2.8202070579,0,0,0.4887750417,15.9397441864,0,0.4780957326,0,0,0,0,0.8120414928,18.701520884,0,0.0404999971,0,0.042750001,0,0.4866001546,0.3404504657,0.2131197393,0.7014801741,0.0382499993,15.3754959106,1.8471499979,1.4227082908,0.1439999908,0.7363571674,0,0.2642711923,0.3953371078,5.3885419011,14.0408278167,16.9199729741,3.7382110029,1.5369610101,1.7324427307,0.8568200499,0.1995749995,0.1872109383,0.5818897873,0.0967499942,0.5066731274,2.9543311387,3.7383464009,7.7514561027,5.6116030037,4.1801425934,3.0276025057,0.1789226476,16.6371553272,7.3022197552,0.378369502,2.6958538398,6.9188301802,0.0058225676,0.5964266475,0.8235571127,0.1449711937,1.0895184167,0.6520104259,0.8713567939,1.636925862,0.572071648,1.8505583551,1.3321481187,2.0501501448,0.0269821204,0.1931762032,2.0764073078,6.9880743884,0.37718901,1.9460749179,2.8545844153,2.5456191838,0.6582965799,0.6147204615,0.516278255,0.4883153349,0.5550058132,1.6549807716,2.5008353878,1.7299722046,1.1343811501,1.9544976406,7.0359281093,0.9440151829,0.6059645019,0.6974682236,1.0338199545,2.9710892409,1.8175752722,1.1052795406,1.0090998478,0.6951307172,1.2986879036,2.2004199326,2.7072292767,1.0429557389,1.3523252543,3.5825645566,0.9703746086,1.4978865236,1.7835026566,2.4923936315,2.8356016248,0.9607501835,1.9996135812,1.1138088997,1.8312652178,2.5897195086,1.3359477945,1.1410609424,2.1790412582,2.9791014964,2.2990551235,1.6189853054,2.3740024542,1.4085759286,0.9586457219,1.3356655694,1.0451014575,0.6772235357,2.5222633488,1.5972212005,0.7881488971,0.4273532433,0.8184955146,0.6041455251,1.2587460246,1.5898779241,2.3430467761,1.8431723495,0.7994630788,0.8728063747,0.731397731,0.6662735231,0.7021365141,0.7147009613,0.423005507,0.5654287234,0.8082674172,0.3930833371,0.3517881829,0.5306092886,0.9468763416,1.186116719,1.3072974846,0.4903409207,0.5966195313,0.407584017,2.3161216059,4.1999819443,3.3198895052,2.0668747,1.3464447804,2.3202217788,1.8113110129,1.4321953475,2.0560636987,1.9869021267,1.4269860838,0.8989784822,0.6282150092,0.2818412522,0.2576017309,0.6317978447,0.6284759425,1.2505352091,1.8492846861,4.6592286631,3.2986447733,0.9475127278,0.6474114205,0.3848471388,0.1184845951,0.2163416616,0.3009889294,0.3982986956,0.2867587351,0.3335800007,0.3803357543,0.1574948354,0.180991349,0.1975040577,0.1212024414,0.210862684,0.5910976965,0.2597832792,2.2571001969,0.1889887805,0.2673885943,0.2341992418,0.1853973958,0.1329160448,2.3301889595,1.5643869083,1.6236056383,0.2674343964,1.0990318813,0.2776042941,0.3070946346,0.2644394414,0.2387401735,0.5054035636,0.3171826901,0.1487637785,0.1574565688,0.7803554539,0.1868789448,0.3014632433,0.1975248433,0.1876054304,0.2117400827,0.1409337978,0.6285885917,1.0642021455,0.7896992712,1.0204441467,0.3101610122,1.1955090627,1.3288798523,0.3546160391,0.1253304215,0.4369198174,0.2925834838,0.0430146663,0.0066366517,0.150538992,0.1921910466,0.3168097012,0.2949785505,0.3062448781,0.7132870387,0.6872589275,0.193896766,0.2867134497,0.7990431482,0.8639393913,0.0557069497,1.0457151383,0.202936108,0.0084953513,0.0524529867,0.1058658104,6.0047318071,3.5848792277,0.1752852164,0.9311267875,1.4702965759,1.571679521,1.9690789824,1.9420277096,2.1176504701,0.2476018868,4.2476727039,0.3968720194,6.8766200244,2.0573518116,0.313617868,0.551846711,0.5615053959,0.6054143855,0.5483320862,0.7406649724,1.3765634045,0.9561673567,0.9960340463,0.5643322766,1.2091867,0.9656043828,4.2657218933,1.8147101998,0.2973606974,1.5787991412,1.2440456346,0.9066930547,1.8873234868,0.1538070537,0.3620936781,0.0242109358,23.7162189364,1.3991658855,0.292078416,0.0265338421,1.4223446488,2.0990984842,0.0230604976,0.2871391386,2.1066520274,44.7790765762,1.6033878446,0.1768230081,0,0.5050127983,0.6481016874,0,2.5653960586,2.4932138443,0,0.4234755516,0,0.1733043909,0,8.5224550962,4.3942511559,1.7554511428,7.7382912755,3.1437621474,17.0992435694,20.4909525096,0,0,0,0,0,0,0,0.267053771,0,0.2464584827,0,0,3.9835792542
2005,3.3027949065,0,0.0629999995,0,0,1.6717499495,0.1867500067,0,0,0,9.8539476305,0,0,0,0,0,0,0,0,0.5759999812,0,0,1.0680692434,19.8837602079,0,5.9149155229,0,0,0,0,15.777280581,10.301666218,16.7308141172,10.2793138444,1.8598040342,0,0.183264783,0,0,0,2.4158579618,12.5244060397,0.3833786458,0,0,0,0,0,0,0,0.2632499695,0.9494999886,0.9854999781,0,0,0,0,0,0,1.7839697361,8.2985666871,1.280102402,0.0345248967,0.1827007353,0,0.3846015275,1.0892627776,1.9118298739,0.4003854215,4.2427992314,11.404913637,25.6006570041,2.2309052408,3.3946897358,0.327390188,0.2226611644,1.0577042371,0.9188125074,1.3925797045,1.1624320954,1.8503394395,1.3239690736,18.9839672953,5.8620524436,0.3407871336,3.0946934313,0.1259231836,0.3704569489,2.2956574708,0.1912477851,0.1848009333,0.0739737064,2.0195726372,2.595123318,0.4770363741,0,0.208847411,0.4486248571,3.2846686896,0.0085367583,0.2556986488,0.9032147482,0.1848092381,0.2864300422,1.6064811923,0.4235434975,3.6342864588,2.6025411069,3.274183083,0.6360965796,1.2715049531,2.295086056,4.9511376616,6.569445847,4.4748777345,3.5173086017,6.0952818692,5.7209744647,7.1642966799,6.4401430905,3.3928249381,2.7438633226,2.4269873947,2.1839585394,2.7103571303,3.2318527393,2.4004239285,1.3268241992,1.7345901288,2.5310568713,3.506792184,3.5971973419,2.1640975773,2.7932346016,3.2628145561,1.0744262248,1.4901911497,7.7914917052,5.2016691238,1.0754927665,2.2511919912,2.1879759982,2.1086815961,1.8858717505,3.5110899776,2.6715654016,1.7976214778,2.850159188,2.723954574,2.0610740244,3.2010835771,1.6078630589,1.0025044393,1.0657633834,2.8385512818,1.7600383632,2.9644586042,1.251948151,1.0025576048,1.2357663801,2.1441636171,3.3536874615,1.2999450356,1.4536959236,1.0198632337,0.6448625961,0.8619754568,2.2083177805,2.5986636609,1.4490545492,1.0508536072,0.8515841521,0.6506918646,0.2701268816,0.8333400249,0.7048365168,1.1531947922,1.5317378491,0.5391887419,0.8391526185,0.6650001504,0.8765597465,2.1041944183,0.6633842461,0.2412726017,0.658850001,0.2190105061,0.2616924617,0.2601839238,0.4208128259,0.3268806592,0.2383622469,0.2635922283,0.1978628997,0.3813245721,0.4724243741,0.512582932,0.3143634072,0.3166666333,0.2731109661,0.1854411277,1.6982794175,0.7332756064,0.27048739,0.9259393713,0.2285131095,0.2608267153,0.190104345,0.2553721583,0.2177091469,0.1857549418,1.5205804922,0.3890838606,1.6540503792,0.6110210531,0.527843569,0.2335790521,0.3473042179,2.1399383387,0.7468143789,0.1929818754,1.4103655118,2.4450452536,2.4640172377,0.7313498582,0.2580200184,0.2545176223,2.6663206547,0.5941309484,0.3128314061,0.3320144353,0.2907020723,0.3834898092,0.3750890551,0.6279238872,2.9195897887,0.3979486266,1.407661799,0.1123749569,0.2943776086,2.6103687018,0.4954554234,1.4016536906,0.3837727879,0.10783551,0.1568204684,0.2260711977,0.1641903005,0.1448114434,0.093002838,0.1384766305,0.1283897433,0.1017044027,0.1353503306,0.104437827,0.1502581121,0.1667294123,0.1007325011,0.1552235115,0.911465396,1.8848527762,0.2013518596,0.1395893207,0.1589549911,0.1079216146,0.1000896472,0.1397548165,0.2290794892,0.6043228423,0.1095161412,0.0584807979,0.0673422853,0.0306407006,0.0373174018,0.7942145971,0.3743268182,0.0818059515,0.1252955718,0.1247393335,0.5661844363,0.138706823,0.5527349536,0.008677699,0.7073121669,0.0257874607,0.1280523353,0.9377562467,0.1682536056,0.5012259806,0.2594174112,0.4096998134,0.7476352376,0.6149556359,0.2885327943,0.2007265797,2.5405837923,0.1795867406,0.0413946508,0.4096930908,0.0528026056,0.20581627,0.8034807859,0.5967249457,1.6322717676,0.2392080814,0.5804933295,0,0.9569472492,0.1411519848,0.6516291961,0.0571444258,0.0974468499,8.0968773469,7.8271328345,0.7243510224,1.1627029676,1.5520597383,0.454338365,0.042852658,0.7750640854,1.6912421271,11.9256644949,4.6521628484,1.0227634966,1.0942790642,0.2781487465,0.0923947975,2.0707797974,1.4989566386,0,0.214317295,0.076265429,0.065634717,0.4183875591,3.7531903669,1.6298548713,0,0.2034285054,0,0.1102499962,8.3183350146,0,0,0.6024224281,0.1654547155,0.0431807846,0.4740341246,2.0541809469,0.0314999998,0.3583627239,0.1554633141,2.1365925476,5.3047911704,3.809000802,0.3846767783,0,0,3.4940046966,0.2669197261,5.0859164596,5.0074051648,0.48909491,0,0,0,
2006,0,0,0,0,0,0,0.0727860272,5.0741793513,9.4440134108,4.7905001581,0,0,0,0,0,0,0,0,0,0,0,0,0,2.4212174207,0,0,0.1620000005,0.8167500019,0.027899918,9.0522353411,38.1871486664,0,0.2401989579,0.6141336799,0.3595240593,0.9071407914,0.624505794,0.5707335711,0,0.6745945424,39.6405786812,0,0.1592555881,0.0415219188,0,0,0.7083139896,21.7271692336,4.573908709,0.1289970279,1.2594412506,0,0.1457994819,0,0,0,2.4472090006,0.2564912558,0.1540222049,0.5414027311,0.1758985713,3.9825597893,1.494954811,2.5979500458,0.4354080131,3.6344291121,1.1657683324,4.2284288637,8.0893290892,4.5505553871,2.3026165426,1.4497216687,0.0449957542,0.1309414584,0.0872197792,0.8395011511,0,0,0.7801196732,18.0150472045,1.048300362,0.410343527,1.0574209549,1.5971554544,3.3005696371,1.4584604479,1.4616862066,6.0194886051,1.7442409545,1.8682626858,0.3735752834,0.3886892693,0.377840246,1.065612448,16.8505129099,0.3374659818,0.2376855745,6.9503847897,1.2779379435,0.1596532499,0.2237617452,0.4413986641,0.5214007607,0.3370223671,0.4058517851,0.5361062279,0.8762918692,0.263697084,0.0516217642,1.884178767,0.4365545279,0.419709773,0.7428678216,1.2579599857,1.6979460906,1.5072541256,2.6446536696,2.6035930267,14.6173451424,2.0484667076,1.1932111927,1.3712107666,3.2568287008,1.6972077653,0.6422503339,2.1631058171,1.7746405318,2.0096106317,1.1012016766,1.2847434882,1.1198001854,1.6234031804,1.997470063,1.0884266131,0.6606175207,0.9260000873,1.5538972892,1.4444059074,1.5617613532,2.417002503,3.7047619082,1.6965881653,0.7625024527,2.5755853511,4.4153330442,2.044980377,3.2312105641,2.3955317281,2.4475715734,5.6784393162,2.2612327415,0.988701345,0.8383663353,1.7813839726,0.8866506174,0.7446336243,0.8983960427,0.5939460296,1.2827314511,1.6560601454,1.1984289635,2.5629744399,0.7901614279,0.8180347435,0.9334125291,0.3219241548,0.4283024833,0.6356142497,0.7221531585,0.4531942282,0.4766197123,0.4439974144,0.6805475858,0.7784370392,0.4029211521,0.5909800308,0.2644601569,0.6238512848,0.3421707856,0.6843040196,5.7096771792,3.9371687237,2.4006029561,0.4191705952,0.5956033181,0.7193202656,0.3322555773,0.3137208859,0.5126925509,0.6179791614,0.4654161794,0.7823215257,2.9211838949,3.0875858307,2.9305057073,2.0965943139,1.0077796124,0.8275825072,1.3326755781,0.623225286,0.5745092478,0.5050883381,0.4706332183,0.320253638,0.3366765981,0.1332864556,0.3364390336,0.3174127024,0.3947947495,0.3948717097,0.2603710134,0.1282250744,0.0709633328,0.0865950217,0.1061014069,0.1588286578,0.1999252208,0.3262101503,0.1394555795,0.1289026732,0.1270760832,0.0637580771,0.0903397795,0.0986392801,0.1612944732,0.0744986924,0.1665680635,0.1791575573,0.1423071514,0.0758999983,0.1281321244,0.1518005756,0.0960001678,0.0707026014,0.1624538882,0.3632660649,0.1172358864,0.0995053327,0.1797182102,0.1332668572,0.1395747898,0.1027500024,0.0514638613,0.7852036808,0.4468859464,0.4403593443,0.431751506,0.4423656208,0.104306668,0.1464471601,0.3267136969,0.4115969533,0.4796466406,0.4180319488,0.3527940918,0.2761697896,1.7582569905,2.3645429537,1.0286603104,2.3020511761,8.4022737205,1.1035867053,0.7422725648,0.1695703223,0.4890751861,0.5841304213,0.5320356399,0.819645723,1.1466741912,0.3469797768,4.700567054,1.4014192626,0.6591242209,1.4798811734,1.5774374187,2.5278253183,0.2160045065,4.7586862132,0.7604470499,0.943203786,0.5745050892,0.6205715038,0.9640722662,1.2559393853,0.7609324627,11.5670210578,0.4056843877,3.6244232133,3.2343067013,32.0775300264,2.5629889708,0.3054504722,2.1995469689,0.2191283293,0.9339015134,6.2520084664,1.9361286923,1.3069402367,0.7302321523,1.0510174481,9.2226554871,17.2339295268,0.673222319,2.8581922613,0.2839727879,1.693585375,1.8785524473,2.8370002896,4.8350663245,0.235410206,1.9898522675,1.9345172226,8.9086666316,1.2385617033,1.3670872122,0.8880301952,0.1723532852,0.0218043238,0.3871047392,1.8685267881,2.4337894857,2.4548237681,0.4044547338,0.2018513143,4.5588458091,0,0,0,0,0,0,10.2225243092,3.6864337906,1.684486261,0,0,0,1.8017261565,0.5017221063,0,0,0,1.5900057852,0,0,0,0,0,0,0,0,0,0,0,0.3882085323,3.1634596765,0.4555107206,1.4018155694,1.5754684567,0,0,0,0.9494999409,5.1264876723,0,
2007,0,0,0,0,0,0,0,0,0,0,0,0,0,0,0,3.2415106714,0,11.2680805802,0,0,0,0,0,0,0,0.0186349645,1.1155033022,0.3552753761,1.2098735332,0.3484798193,1.5184510902,0,0.7559999704,2.4191154778,0,0.9462763727,0.225,0,0,0,0,0.1147499979,0,0.1125,0.4612499714,0,0,0,0,0.2354361653,0,0,0.6681399882,0,2.5178905487,29.4384942889,0.0218316406,0,0,0,0,0,0,0,0.0239287198,0,59.3903645992,4.686369285,0.867721507,0.1685247004,0,0,0,1.1421682715,1.7411120564,14.0843559504,1.3781942792,0.6150866255,1.0719893664,4.0997241765,3.9069489539,6.8908091873,0.967153278,2.2468219489,1.247402446,9.5614676803,3.2149320245,2.6398064539,6.5984258398,1.2043126658,1.0573533915,0.1306688771,0.475987618,5.9577106275,0.8405408904,1.5023636686,0.6500242976,4.44288067,0.7078335121,0.8906271968,2.1281506591,2.5705770724,2.5906759501,3.5188446626,2.9796296805,3.5388509974,14.8639097571,2.1798940398,1.9475687243,1.0289496101,2.2849796928,13.0478508383,4.6458686419,4.0193845995,5.0562141769,3.6583118044,2.3518632084,5.1035100639,9.4165703982,7.0530927867,3.6984385706,5.3518601641,1.3010631621,2.6167379674,2.4831868112,5.5399977803,2.6393864363,0.1207678005,1.477208624,2.1783106297,1.4007212859,5.8135869741,0.9539395794,1.4128578626,1.4112556823,4.0712684035,3.6017880186,2.2862424687,1.3421021521,1.4760083191,1.5591968268,1.3903830085,2.1085152738,5.3893310666,1.8072863236,2.2266548797,1.749937544,2.8041387692,2.1011251695,1.8945273489,2.9435089737,1.2972994119,1.1472713757,2.142083919,1.5785730079,1.0860054838,2.7957900904,1.2436709909,0.8844423596,0.8793925952,1.7463880211,0.9258787259,0.2956334477,0.8387309246,0.6578126926,1.0317378564,1.1376203019,2.6666939542,1.8261804238,0.6176788895,0.4781123605,0.6577848631,0.8252469379,0.5079485305,0.2218571872,0.6758046867,0.3190475063,0.261921056,1.298990332,0.9177953839,0.5592107288,0.846881758,0.6751015322,0.2266625476,0.5833091208,0.7051129538,1.1559982477,3.6186267387,0.7879459994,0.5007702023,0.0824332312,1.5363201956,0.6245908917,0.6551984259,2.1481440529,0.3441420509,1.0509354381,0.1451052915,0.1892195944,0.1090094875,0.7685749527,2.5682046676,0.7424251128,1.2420500286,2.0783959687,0.5282361204,1.3615638307,0.7721521977,0.2511509114,0.3313623103,0.2090659074,0.8797642707,1.0450562287,3.3820119061,1.1127783511,0.2617485357,0.3713949244,1.5979638934,0.6516833001,0.2551774696,0.1316826062,0.3488201801,0.5351356985,0.2195214022,0.3274453916,0.2545551786,0.2396380808,0.2442130612,0.191586677,0.2529901868,0.2540999979,0.3261489352,0.1596983412,0.3861666128,0.285301163,0.832351717,0.2909149084,0.2853813069,0.3868741831,0.3517768504,0.1658970121,0.2314564297,0.1614405606,0.2065499989,0.5688713908,0.1315500005,0.3407704654,0.1480499977,0.106949998,0.0713999994,0.071400001,0.1114499972,0.1256999985,0.0905999991,0.1028999987,0.1270499977,0.1112999989,0.1025999991,0.0478499999,0.0614999988,0.0896999989,0.0856500001,0.0893999978,0.0713999996,0.0667499981,0.0832499981,0.0677999991,0.1377185043,0.0706499992,0.2161520041,0.0994892112,0.1636500011,0.2682946213,0.2049718688,0.0791746688,0.1838987348,0.1311110668,0.1011848331,0.0747046329,0.07805118,0.0320663177,0.0379786447,0.0342701636,0.045072116,0.0216349199,0.0613234842,0.05068093,0.1045946637,0.0605972191,0.0034303039,0.1061066874,0.4731388267,0.1873573018,0.2401240016,0.3958921531,0.7799196853,0.1876935854,0.1507378181,0.1045745622,0.0654204674,0.1416257822,0.4269250911,0.411782348,0.0662016733,0.317857128,0.1702563601,0.1432725992,0.0504478889,0.1467838906,0.0040072944,0.4361202307,5.3207261836,0.5593608167,0.9942756273,0.6352237709,0.3858710472,0.4377040941,0.8037093163,1.9865933871,1.4077712724,2.8353020214,5.4775259346,3.9303168137,0.3704763927,2.4576991715,8.5081635475,4.3645182185,1.6086764589,0.7693097262,1.4565254409,4.4989499083,1.6498882519,0.9965739578,0.3887037292,0,1.217873621,14.2099272847,2.7746308804,0.6761887014,0,1.3793106854,6.4855660975,0.2612406909,0,0,0,0,0,0,0.9457104564,0,13.4524312496,0.0807908893,29.9275545955,0.3416260779,0.8420367241,0,0,0,0,0,0,0,0,0,
2008,0,0,0,2.9821483582,0,0,6.9625119418,17.8603132963,0,0.1160556961,0,0,0,0,0,0,0,0,0,0,0,0.0195392728,0,0,0,0,0,0,0,0,0,0,0,0,0,0,0,0,0,0,0,0,0.7191893265,26.565604496,0,0,0,0,0,0.0157499999,7.7071102582,7.7541852802,0,0,0,0,0.0080752067,2.3191630512,1.3108271748,0.5062499911,0.0040144197,0.0081331884,0.0975731492,0.0213548202,0.0953930807,0.1401397998,0.6021035472,0.0937840164,0.033752051,0.2387341458,0.3662385682,0.3457901679,0.005219686,0.1404314883,7.1458778828,4.9958078548,0,0,0.2687692825,0.45101589,0.1560411572,0.3373978712,0.3151536833,1.1282841872,8.8480251551,0.5302937951,0.4127109371,0.5889160716,0.8647803187,1.0808425771,0.5341134045,0.6439868239,2.4127097495,0.5762089569,7.4768312886,3.3569696546,3.6565888155,1.398702693,0.4582222323,1.0105879381,0.9787468195,3.1681571111,0.9253323071,3.8692588567,2.2728478134,1.3148710459,1.4013951024,3.0216606378,2.102216053,2.1102191593,2.9861517895,1.4717245713,2.6176555045,2.2083168659,2.8296689149,3.2079581197,1.833502125,1.6038270086,1.6380530294,1.2608885989,3.4189436208,2.8024278954,1.6975268789,2.1578490429,2.5948327865,1.5883680746,0.5483149234,1.2716165904,1.0197864398,2.085956116,1.1448946994,1.0684835221,1.0525413396,1.8047760636,1.2673038565,2.7043048933,2.0973972488,1.1742995922,0.7694193073,1.0254704289,0.7861802705,3.0640332326,3.4756120328,1.9069673713,0.6796191392,1.8788683675,5.2764595091,1.5621934116,1.1847416297,0.4993443757,0.9601470277,2.7322949857,1.6072728518,0.4549459636,1.016899156,0.504473417,0.7981125176,0.7167230549,1.5679954712,0.4156734184,0.5458639516,0.2181497165,0.2727195157,0.3753585514,0.5879436953,0.345263197,0.6441200033,0.3925639557,0.3921988316,0.6857031044,0.4744467088,0.3473023882,0.2812500003,1.4993552526,0.6256417427,0.2360788171,0.7275558133,0.5217529797,0.4998195071,0.327299993,0.1778999978,0.142720263,0.1976694332,1.0300067581,0.2096363268,0.4135861378,0.3045047855,0.4001642102,0.3614741154,0.3146049332,0.5032550782,0.3486785974,0.2916558677,0.4444873849,0.6738318231,0.3012111683,0.5866333127,0.1427544676,1.3784438098,1.0100094626,1.0724645718,2.1177132111,0.8772393539,0.5489077201,1.247458277,2.3396156917,0.75341291,1.8733291849,0.1166351102,0.042820363,0.0995417241,0.0755811351,0.1373915312,0.1165668341,0.0779881641,0.246265994,0.0799360741,0.0312786527,0.1290114831,0.2357783285,0.202769275,0.1621242025,0.1879068993,0.1698750661,0.1591212249,0.1797472972,0.3746622317,0.4819026629,1.19671758,1.0757932418,0.1187913892,0.1276532801,0.1259937785,1.3794980176,0.609329329,0.2426932251,0.3459203651,0.1162054501,0.2097114794,0.1555092727,0.4577230878,0.1768773573,0.1405388296,0.1900688603,0.2838520344,0.156550153,0.1138464533,0.2676812258,0.2370566908,0.1703640305,0.1846819478,0.3230915418,0.1414216295,0.1770441502,0.2884716725,0.184506457,0.187442641,0.1394411515,0.2465593583,0.2540383354,0.1449860793,0.1583902158,0.1286286689,0.138486708,0.1054853268,0.1083627369,0.2659846023,0.0036335547,0.0364020774,0.785434472,3.6478404553,1.2713181188,8.594826439,8.023258099,2.0670614287,1.5202939484,0.8522969533,0.2226717077,0.5864234779,1.0391927525,1.2871193357,1.6507472292,1.2056934953,7.9857242249,2.9833583232,0.8507915556,13.6556844644,3.1205334119,0.7414599519,2.4296082094,2.5654952735,10.7564299777,6.6107240334,5.6725814819,2.870200102,1.4631681211,8.7676028185,3.167717756,1.916904306,3.4812980413,4.890236371,5.7763003811,1.0073549487,2.971191214,1.0080449322,3.0146725032,0.3988540351,3.6278914727,9.5522930801,0.1980785787,3.0828386545,28.6141838551,13.888392812,1.1262475371,0.3540774524,0.3234095216,0.338782382,1.2161623627,2.7634407669,5.0703531981,1.8539418459,0.2998716712,0,0,0,0.0685958922,0.1174952328,0,0.6087287426,0.1654527351,3.157153511,0,0,0,0,0,0,0,0,0,2.8867497921,0.0629999995,1.550249958,4.0031738102,0,0,0,0.0517499924,0,0.0584999979,0.3352499843,3.2871420056,2.0539518148,0.8798794448,0.8914989054,0.0472499996,4.3029465556,0,0,0.1912499785,0,0,0.2654999852,6.2914440006,0,0.675297001
2009,0,8.1530238107,0.2809700459,0,0,0,0,0.0783355862,5.0947643727,0,5.6335342288,0,0,1.480499965,0,0,0.0997629881,0,0,0,6.0684471816,0,0,0,0.0472499996,0,0,0,0,1.5033325464,0,18.7020938635,6.9366986096,9.4415937185,0.116925627,0,0,0,0.1327499986,0.0787499964,0,0.2902499959,1.1587499589,2.6782467425,2.745369342,0,0.0922500014,0,0.2789999962,0,0,0,0.1507499874,0.3058326572,0,0,0,0,0.3735000134,1.0564625077,1.8371485949,24.8510267973,0.1217241429,1.1057308309,0.0432379365,0,0,0,0.5966883726,2.8055564485,1.7337161433,1.6468911398,4.2787701752,1.8268396191,4.358584984,13.0684798241,1.9818899527,0.1518312901,0.6702088371,0.9596493192,5.6099131461,8.8011180736,2.0107584424,1.3135702223,4.6913492171,0.4478867419,0.6481770568,4.0382602066,3.9779408485,5.7670987383,6.6245485753,6.2267518386,0.8843301304,3.2184393849,4.4406688482,1.3126187585,0.4519322876,6.4190623358,5.1101939172,6.2766404014,3.9580075711,1.9278367579,0.2245291229,4.01802257,0.3309728179,2.3446798481,10.0451902874,0.7818492286,1.2373975806,8.277620104,3.0193507195,1.3633517887,3.4144520476,8.839207552,8.7419884846,0.9946695466,4.7973258346,0.7907694001,1.923358994,3.5466436714,3.4842148776,1.5862548932,3.7190162681,2.1733929284,4.5054721117,0.6893747969,3.4133225463,3.0657864228,5.2348243296,1.966530427,3.0381324351,4.017962373,3.0710917003,11.8488416195,1.3636845224,2.2457199536,1.7992095917,3.7811865926,1.8532845598,1.0213670816,1.5299900757,2.4483715132,4.0953439847,4.5063071653,3.0742580101,3.5036620919,4.2905623719,3.2223784074,3.9615340292,3.3209594585,3.3903309029,3.3996412869,0.8055852773,0.6716302767,0.8752729068,1.135387487,1.7767012041,3.2176739402,1.6380511094,2.1046413239,2.3915307567,3.6113284875,4.4137950256,1.5423207615,1.7993779082,1.2215521254,1.640601437,2.2428065208,1.2722790122,1.795427368,3.21217818,1.5666878881,2.0458741583,2.3445829239,1.6051791737,1.0040085664,2.3936679555,1.3862314031,1.3538029543,0.8641230933,1.0396411019,0.4082388375,2.3306813344,3.1792726964,0.4592121971,0.8419787724,0.5011381661,0.5162269489,1.0564221606,0.692558994,0.7385507597,1.5253817596,0.6431581721,1.0309482515,0.3096302548,0.3521761106,0.7744912168,0.2791423267,0.634150815,0.5222729972,0.4932401087,0.5399316072,0.8306857623,1.0343486469,0.1354761333,0.2959064454,0.3524848839,0.3946085684,0.8102294039,0.4242379255,0.3555022676,0.2849584617,1.9751294896,1.2046466494,0.5893991409,0.2936009251,0.223718978,0.3829312555,0.1725635909,0.3051295899,0.4709655903,0.2633229319,0.4538898375,0.3360103827,0.4924685255,0.4628689166,1.7054902121,0.4920119993,0.3984046947,0.268068748,0.3233727269,0.2454738431,0.0786770601,0.1488288239,0.1579737991,0.2767838702,2.6065533668,0.1048381051,0.2167319112,0.2143266659,1.4686792418,0.5411610123,0.3647489063,0.999480496,1.6619439334,1.7653615229,0.336222082,0.3226214625,0.1551269755,0.3176552236,3.8618567839,1.9367287882,0.5068175908,0.1809667617,0.3933591083,0.3556295246,0.242324882,0.672610826,1.5499362379,1.0368530616,0.8716762349,0.8809028924,4.5789608359,10.7645868719,2.9794313952,0.4960736781,0.2261992551,3.020208697,6.9519313991,0.3496928401,0.4176546216,0.3373960644,0.3892866775,0.1997339729,1.7797993168,0.1983200025,0.1992292998,0.026531441,0.0563448615,0.185498803,0.1942585638,0.2731384599,0.1429817031,0.3554504849,0.0976096867,0.1017336976,0.3424558284,0.036616851,0.1236862447,0.0718438881,0.2208127024,0.0488593276,0.0350499345,0.0567231733,0.0172659129,0.0825078426,0.0225259708,0.0485817907,0.0166886061,1.1962911155,0.2695140717,1.3579971669,0.7825386479,0.1302529524,0.0477241423,0.9913189597,0.314493438,1.4345523253,0.0262263656,0.7640841451,0.5924819577,0.7708235058,0.0232169032,0.0363929152,0.9643315805,1.2640962809,1.3401735347,1.9302577078,1.7996233568,0.6280903496,2.0096613672,1.5545248955,1.6639966238,1.8818783179,0.0185565911,3.1738789417,6.3118340179,3.5812971428,1.3873441894,0.9283264682,0.8937161662,1.9240134507,0.192992489,0.8437135648,0.5381207108,0.1034999847,18.0276356936,2.0587437153,0,1.4268446922,1.2816474795,0,0,0,0,0,0,1.1859003305,1.3393796384,0.9010381937,0.7105589151,0.90689978,0.8810681939,1.5824585557,0.5856926322,1.67637164,1.3908035755,0,0.5894429326,0.0656864583,0.31219666,0,2.8391710162,3.9584222287,0.2404853582,
2010,4.0308447689,7.5471609235,0.043574667,0.1191559494,0.0652500033,0.1570311725,0,0,0,0,0,3.0281285167,3.1328291565,0.7809310615,0.4108027637,0.752969268,17.0952382058,0.0355469167,0,0.0932907432,0,1.7583684534,10.7755886972,0,0.6039810896,0.5556592375,0.585268864,2.9989355743,1.2599985421,0,0,0,0.0832499981,0,0,2.5672499239,4.1309998691,2.918249923,0.0629999965,0,0,0,0,0,0,0,0,1.6199999452,0.8977499574,25.382249549,0.4702499628,2.8417499542,4.3627499253,0.9247499734,0.3780000091,1.7842499495,0.9067499638,2.5964999497,0.1664999962,0.3062854081,0.3559523329,1.1679796636,0.3575463533,0.21017856,1.7595050856,2.7634882227,3.7668540686,10.2317195773,0.7131847508,2.4152554721,1.2716547489,0.3543098629,11.0502367526,3.1863303021,1.9572690889,5.6657847643,7.9767025411,1.9449744955,0.8223044679,0.6010143995,0.8984769285,4.2306796446,0.8141625747,10.9558649465,0.0808744058,0.0507213101,4.3984011233,7.3322137803,1.1949837446,0.7606656075,0.5072515488,0.3373029195,1.1346458428,0.42869123,1.101890884,1.5282158375,4.7172376961,0.6244400337,2.8480800167,5.1185283959,9.4599880427,1.3089989148,1.4620190777,7.16199762,6.9283377156,0.1847264068,1.4774662584,0.716282703,4.520443964,5.2829434022,2.4722560421,0.8102527849,3.7754160926,7.1481012732,3.9188290656,4.4186871137,2.4157089658,16.0273525596,2.2756574951,7.6618434891,2.2024612449,0.6416086895,3.036865817,0.5795458391,2.967759921,7.1629029036,2.8608004704,5.5503969759,3.7721381217,8.9656417117,5.368985942,2.2569256522,2.8450869277,2.9668859929,3.0481793776,1.7324944397,4.8535043821,3.5323272139,3.2729433745,2.1050995961,2.7941849414,6.1191140413,2.2453276873,0.8560137738,3.599786438,5.8301436014,3.7684779834,1.7850720324,3.4548986971,3.2341629818,3.245353736,6.4345468953,5.886534673,2.0991060061,1.7063741274,1.9119687743,1.7968468107,1.7527975745,1.7751768433,1.195604603,2.033475706,3.5799472876,2.1581530742,2.2554467581,1.7898470983,4.0081657931,3.1074655741,3.2175121099,1.3887342006,0.9207334075,2.2103746332,2.2475581855,0.5553290147,1.964887758,2.300037238,3.1391791582,0.5511264056,0.7316154681,1.5388559893,1.4591908731,2.1780990951,1.1629813617,0.7919340018,0.7066182085,1.1591173956,2.3251652873,0.533997907,0.5853982667,0.5554919019,1.6420575507,1.1356185792,0.3174892948,0.6182024499,1.5887568193,0.4800081489,0.426093705,0.3549408868,0.0618157288,0.4302687181,0.197352227,1.5163959099,2.4412170659,0.3383038191,0.3639175009,0.4051709057,0.1575377677,0.2102645273,0.193494407,0.3242981965,0.5705799278,1.0757530406,0.6770534986,0.6653968573,0.4413293418,1.396703437,1.3555481117,0.4245970841,0.5136351328,0.3406779267,0.432063137,0.2956737436,0.3040311042,0.2401596446,0.2669287613,1.4341884658,0.1959046125,0.4690356962,0.3529253252,0.2639049642,0.4113210835,0.1778774522,0.1158813635,0.2779894728,1.7452773154,0.8048574902,0.5232154831,0.6725652646,0.2616464414,0.228293317,0.1492461598,0.2469216231,0.185947296,0.3270017624,3.2563039176,0.9832112145,0.106813626,0.1434276715,0.2767096534,2.2095380586,0.4167933795,0.7221784497,0.1917170811,0.1350206273,1.6720749222,1.4807925275,0.1213514345,0.0697448336,4.09980115,5.5123659968,1.23396089,0.6253874864,0.7063478379,0.1978298748,0.3419615038,0.4498088162,0.6912070084,0.6112270011,0.9584503978,0.4588133086,0.2229315987,0.2455526965,0.1390196791,0.295574009,0.3800144613,0.4009560645,0.5410065707,0.6167043522,0.4616274305,0.3692368604,1.9165243942,0.6135258742,0.2427833591,0.9325427525,0.5171794202,0.3727464307,10.8683802724,3.6603064537,1.0309374683,0.9708206788,0.3397406012,0.3013356298,2.271000544,3.3398392558,0.5207873629,0.4608146723,0.7530049071,0.749367347,0.5751457909,1.0690324008,0.2816800751,2.935635151,0.9721969478,2.7757226981,1.0305017501,0.2129626008,1.9583273947,3.285738349,0.7656963978,1.0391213643,0.4980141228,2.459312772,1.9488603891,2.9934354205,2.1378344715,1.2327464804,0.5355135404,0.4076805722,0.5431895554,0.1295257706,0.2295881763,0,0.3832191475,0,0,0.2870041311,0.2481518876,0.1032717884,0,2.2690743789,0.1720246069,0,0,1.8463390939,0.1138347626,0,0.0666108102,0.1228608072,0,0,0.0629999995,0.1447769046,0,0.3709607944,2.938293875,0.831259428,1.1557891376,0,0.7258227631,1.4170558274,0.0112499997,0,0,0,0.398292619,0.144874239,0.1664999887,0,0,0,0,0,0.4568407707,0,0,0,
2011,0.0359999985,2.6022216439,0.1721134424,0.3318747759,0,0,0,0,0,0.0404999971,0,0,3.1094999909,0.4991513252,3.316499877,0,0,0,0,0,0.6097499907,0.072731518,0,0,0,0,0,0,0,2.1591193542,0.8359443069,45.4959279299,11.7545256257,0.1351418018,0.2680706561,0,0,0,5.3398521334,0,0,0.2590180159,0.9146802783,0.6838122398,0,0.9793567181,1.3525681496,0,0,1.1397073567,0.1283932149,36.7916149259,1.0097168684,0,0,0,0,0,0,0,0,0,0,0,0,0.1956445068,0.7310743287,1.7927434176,1.2082209945,0,0.2802794561,0.3387582958,1.6319246992,2.4538495302,1.6595258385,0.6502464682,0.9721699551,0.5929375097,0.8432528883,2.624508056,2.2646486521,1.7383395527,1.8042160138,12.3251648352,6.2933339298,4.8109152824,2.8166824847,2.6828257024,3.2872982353,0.990547128,0.0934102634,3.6991705198,3.6909909638,0.1175757185,0.5875117425,0.290429124,0.5799596425,1.054032925,4.4218751945,9.0093158588,0.6011726012,1.0192648865,2.503721109,0.9985887632,4.0850876182,0.2174357891,0.4982804038,0.6515568372,4.9667624742,0.5074232891,1.8981440216,1.8480257656,1.9246077694,1.3584914342,1.6719735533,1.0656806443,3.8811132438,5.5208035201,2.1956838638,1.3926811464,2.6669329375,3.0748217519,2.761237891,1.2404633284,5.9440825015,1.1060933597,1.9903803341,1.5614917193,0.8805452742,7.6826963007,0.9489317864,1.8298188552,2.6007633865,0.9757920235,1.6243384093,10.3031492934,1.6170446187,1.2514649935,1.9231760658,1.2324122742,2.0862498991,1.8701161996,2.1280356787,2.8800753713,1.4043951377,1.8381106347,1.3363852076,2.4378215156,8.4403529465,1.4382372543,1.2788877741,1.6828948364,1.0909431301,5.7770370618,6.1886770181,1.7584676344,1.2614470588,2.4689103141,3.8476738386,1.6957467236,1.7956246164,6.3687810935,7.29004547,4.0019001871,1.958030469,1.4562934294,3.6725590199,1.8183119006,1.2673251148,2.1518661126,0.7284856344,0.6106568856,0.7932953253,0.373015409,0.291764746,3.5029102959,0.2894508086,0.863814434,0.4387190126,0.4228416994,0.7967014443,0.1478480307,0.3342443274,0.5048461068,0.4577477464,0.446088868,0.3352890542,1.5156832921,0.5831457673,0.7642518561,0.2289964339,0.1634385804,0.1424503112,0.2118683301,0.165641656,0.168144894,0.1169385821,0.3393295756,1.7067218404,1.1067964524,0.2012190621,0.2942332283,0.3846374271,0.1315732013,0.1554346143,0.1533885837,0.1211898824,0.1418939387,1.7573659495,0.896485541,1.4654704303,1.5374119781,0.2437625321,0.1061772756,0.1501437055,0.1569183312,0.1489367355,0.1694741756,0.1705777414,0.0910447128,0.2935323624,0.1487317188,0.1480717305,0.1386229925,0.1686876696,0.2028941173,0.3698027272,0.241319409,0.0764209496,0.1220999971,0.1627556806,0.5285886701,0.1390316421,0.2240049945,0.1628166098,0.1715763206,0.1784998611,0.6048255481,0.5146110382,2.1649765974,1.6676869974,1.8982162394,0.120682209,0.2305329788,0.2369715197,0.1191249073,0.2574150808,0.2630531326,0.255686301,0.1922344169,0.2312772425,0.145716265,0.2529741019,0.1259338943,0.2156654321,0.3149576694,0.2855920646,0.744704479,0.18681264,0.1422376264,0.3866369795,0.3083404612,1.0967289135,1.023587697,0.1016850596,0.1558148701,0.2084743718,0.1362358626,0.1815361287,0.1792425308,3.0900216013,1.1488971028,0.518062599,0.7225299358,1.1938180253,3.7661394581,1.2103327576,2.0931449722,1.1082560651,0.1552118644,0.1364820875,0.2521255627,0.1364514917,0.9664913729,0.927243714,2.0303393148,0.7149668649,0.2262391459,0.1321901217,0.2451082319,0.2489904702,0.1680836294,0.0597695619,0.3467275493,3.6544432469,8.8832876295,0.8036283292,1.9261080988,1.9484606981,6.6125923395,2.5860272959,1.4714403488,1.3458650377,3.0046612538,3.4241312161,8.1131706715,8.9533908129,8.8092335701,5.9244086862,0.0556520402,4.765062511,1.6369462013,2.445839408,0,13.4820551872,3.6336863697,5.3865531027,21.8909143806,0.1251796722,0.508458364,3.293211019,2.9829697251,1.8951837599,3.070605886,22.8490452766,10.6163822532,17.8653046578,15.668800658,3.2721551776,0.9581901431,0,0,0,1.4750717133,1.4354999587,0.4185466155,0.2632499948,0,0,0,0.0944999963,0,0,0,0.3487500072,0.4882714197,0,0,0,0,0,0,0,3.089227283,0.2564999938,0,0,0,33.5186569154,0,0,0,0,0,0,
2012,0,0,0,0,5.902363646,0,0,0,0,0,0,0,0,0,0.1106522083,0,0,0,0,0,0,0.0841809928,0.1931226969,0,0.0365361094,1.0079856873,0,0,0,20.4762507826,0,0,0,0.026083304,0,0,0.0128910638,0.0025728993,0,0.8294478312,0,0,0,0,0,0,0,0.0059993438,0,16.0352888677,5.1163798749,0,0,0,0,0.0309590902,31.8496002197,2.7520659458,0,0,0,0.0449999988,0.0551279098,3.3410291582,0,14.7545423985,0,0,0,0,9.8160904646,0,0,0,0.3911329016,8.8376007214,0.2237186104,0.6320680112,0,0.2849341363,0.6095001079,1.0247704089,0.7023813054,1.1093832627,0.3167124495,0.3201245606,3.1003736392,5.6328775436,17.1625703692,3.5579330422,2.5799085423,9.4552366883,0.9726696618,0.3209624067,0.2925317705,1.3235394023,0.2280045509,4.5368033484,1.3746353993,2.1179356392,0.2564686572,0.3153079621,1.1218433224,0.5442062503,0.3905950717,0.0172394969,0.785454724,0.7434523642,2.8864473343,2.9532945216,1.7660764694,3.3972470224,3.2602527305,2.1946002681,1.7322838947,1.7426709328,11.181275551,4.4518794604,6.2184677675,2.5613019155,1.5993512943,0.6977101006,0.5810943721,0.4348216752,0.7993773699,1.9027759919,8.0889472425,2.0902313098,1.1409122413,2.3068736456,2.7068181641,7.0872793883,3.1089801889,1.039204235,1.3079678031,1.4040855555,1.0821993589,1.1889154663,2.8449808791,1.4865695335,0.7526017975,1.3331097215,1.1220854353,1.34597596,2.2623251043,1.078682249,3.35606649,1.1518677216,1.2353621125,1.9923945379,1.3051041355,1.3112643501,1.3111757264,1.8840527557,1.1092010029,2.463371177,1.0722249538,0.8339500532,0.6482405361,1.6460423892,0.8633973148,0.7154320341,0.5839583717,0.8963839218,0.9830705013,0.7184132885,0.5837083604,0.2324281804,0.5059067495,0.5653090406,0.9839025032,2.7306217246,1.7383708943,0.9708795652,0.6344331283,1.84893393,1.1648175195,1.0175426387,0.6372385122,3.0191076607,0.2097815476,0.2870492835,0.3853666138,0.3672746051,0.501066618,0.4472114526,0.4225435887,0.3345672794,0.7403338492,0.8748983087,0.3356733806,0.213930928,0.2748564992,0.2768203542,0.1624500036,0.1846046574,0.8402257793,0.5881336572,0.3113770472,1.8946942046,1.0434170147,0.6213771757,0.3681764718,0.5514672814,0.8855682295,1.6757337037,0.5627567578,7.2751855016,0.3512041796,0.2145829648,0.1554000005,0.1063499985,0.2499921337,0.0958612306,0.0884051969,0.1200127974,0.1168609669,0.14466317,1.626835509,0.5958874068,0.4997660559,0.1589306297,0.5719617467,0.6901941355,0.9766487911,1.3716783853,0.5682942603,0.2066712035,0.111432761,0.166529135,0.0760922493,0.0570858533,0.1005831051,0.086380527,0.0617177736,0.1312952791,0.3426771762,0.1410666998,0.141431766,0.0902265311,0.1365139633,0.164205645,0.0902645934,0.1234161426,0.123956123,0.1610999957,0.1472951612,0.1449799649,0.1297499999,0.133348019,0.5389790518,0.2133094959,0.1717881747,0.2039761875,0.2145692505,0.1754999992,0.1601849779,0.1729351804,0.0820859529,0.1484636109,0.121418301,0.1537816994,0.1813156128,0.2168177577,0.0724191573,0.0632755784,0.0907499973,0.5629534531,0.0562263198,0.0834083106,0.0997647543,0.451707278,1.6511928767,0.9312456168,0.3046015684,0.4793577835,0.1896996684,0.044356896,0.2499985497,0.216746556,0.1388602354,0.1453325175,0.1384057522,0.1054335997,0.0149579972,0.0691129103,0.0835388005,0.3800655179,0.1675474912,0.8448570468,3.5822694197,0.0994775552,0.5494349331,1.0004582474,2.1703681126,0.241555417,0.4415974507,0.5370642237,1.3651537318,3.4501143329,0.8640232854,0.2476042833,0.1426926721,0.1073367119,0.4457101371,0.3536154568,0.0606571674,3.5206816912,11.3687742442,5.802029711,7.4295332998,4.383550182,9.7735144988,10.1789788663,2.406251391,3.6797701359,0.3060502402,0.2554520465,1.1355506182,2.8371019647,1.2863805741,0.2159627289,3.1460942656,0.0573520452,0,0.4017775893,0.0445969537,0,0.4379013121,0.8139698222,0.83672916,0.4017896831,4.4879618794,0.8173880816,0,0,0.0676111698,0.376567021,0.9010707855,1.3167110234,1.1086536884,0.3305452764,0.2081477523,0.1940410137,0,1.3663671106,0,0,0,0.2875571609,0,0.0912941992,0,0,0,0,42.7059198856,2.7400450885,0,14.5301601052,0,1.927008155,0,0,0,0
2013,0,0,0,0,0,0,0,0,0,0,10.4230339795,19.7811754346,0,0,4.9834294572,0,0,0,0,0,1.8372354329,3.0434348792,0,0,0,0.0450220138,0.4513682127,0,0,0.2362499923,0.0247499987,1.8541083872,9.2469854236,0.4094263315,7.6524824023,0.7208216608,0.5106124401,0.6820775986,2.7197964668,0,0,0,0.093852663,0.7570852518,5.0987815559,0,0,0.0969342649,0.0730345786,0,0,0.7344373345,0.1449433982,0.6935540259,0.0730399728,3.9848967552,0.2237899542,0,0,0.0276651844,0.4621834084,10.8981258556,0.1963161439,4.0239539672,0.1316135645,0,46.1812985718,0.4072665472,1.2546515923,0.8406719029,0.5022215497,0.1226670116,4.7334296122,0.596835801,6.5896317631,0.4985774942,1.9411161155,3.4696474411,1.0666235447,0.612225318,0.2548943691,0.0626410902,3.1017936066,2.4221319042,1.6168125108,4.0712489143,4.7524485931,0.8517864227,1.0573931579,3.0284969345,1.8334317682,0.2570674693,0.6672923408,1.8543002464,5.7307405159,1.7210993834,2.1048073731,0.3351832181,1.2356321603,1.6848159216,2.4133714147,5.068949306,0.8295163784,8.43020561,9.7433947921,2.1601775557,6.9418108404,0.0324791048,0.3460547186,0.6094749924,0.7182003088,2.5523297489,12.024441421,4.1570873976,5.5379977528,8.2414691806,0.678565558,1.9137006328,0.1860376585,0.1549273137,0.4514837459,1.4327677757,1.345195961,1.8410139289,1.6164722733,1.5284926951,1.9900764436,2.8926508486,1.2256502092,1.6495308757,2.7278626662,7.7267625868,0.6618077714,1.3526321903,1.4299992502,2.4384740591,1.6244904555,4.1673376322,8.2085366927,6.4448464453,3.3511868164,0.8794786371,7.6693620205,1.3128844764,5.6665883735,1.2492687263,2.0811542124,0.8381197039,1.7124201395,2.038327156,1.4180788912,3.7179915357,3.6105558459,0.6548739387,3.6126671463,3.135718813,0.4299843937,2.0477553308,1.0371277258,0.7997277156,0.6824812502,0.9320046805,1.229962258,2.4179985493,2.5981399685,0.9836453252,2.4174244925,0.6092089377,0.7441431321,0.7144444808,0.7306708433,0.9941059165,0.9010874972,0.757967595,0.7664233614,0.8686825944,0.9833496436,3.57018115,5.2657040775,0.8719780512,1.8074573122,0.1875422116,0.5326043924,0.5626549035,0.633370995,1.8438373185,0.6488783896,0.381189241,0.4711992305,2.5819771053,1.6237253897,1.0541542297,0.3075137895,1.4975975869,4.8564380649,0.1895906139,0.3152259921,0.1475373581,0.1921325218,0.1556844326,0.3135047216,1.122128758,0.1759229939,0.1649369584,0.1820910238,0.1316680863,0.2005556073,0.1397356566,0.0507567946,0.2107105188,0.0865561966,0.1384233514,0.4347210418,0.2122859786,0.0609760186,0.2327656001,0.2677778378,1.5212805677,6.7528700471,0.769508063,0.2311674111,2.5018337328,0.1556146466,2.5553224618,0.3884931069,0.1066353835,0.1514564581,0.2808716387,0.1632030129,0.4742745265,1.2778679712,1.0521822635,0.5325390216,0.1793083914,0.3909648791,0.5188046975,0.2222111825,0.4356224075,0.181235015,0.2121602092,1.6303527946,0.0847301308,0.142865289,0.1701555908,0.1587238368,0.1126032785,0.2480272878,0.1356056422,0.2151158512,0.18218714,0.2020706829,0.1710173361,0.1857784746,0.1776902165,0.1423033409,0.1802383915,1.8755173203,4.827965866,0.7859661859,0.4246218417,0.4505003561,0.1944895124,0.2161183808,0.3015904523,0.0743367271,0.2430471584,0.3221030798,0.377086132,0.573228541,1.3332324052,0.1311055433,0.4964294177,0.1488884084,0.3175009917,0.2552120954,0.3166208124,0.3412619296,0.2482136354,0.3442888133,0.3551451482,0.1492618594,0.0792006124,3.067127403,1.3542221254,0.8447657339,0.4284879067,0.0750423222,0.1392928313,0.0682590463,0.1092363864,0.178936363,0.0241256255,0.625006666,0.0964122161,0.3749615701,1.7750469331,0.0766301333,0.3031545743,0.7514731813,3.5638099819,2.27212568,2.3355187406,4.1396686256,0.7075848221,1.1321981534,0.9034203783,1.533356069,2.8613078292,1.3069226846,1.2556556419,1.5074392378,0.7676003642,1.5161014048,0.4206411365,0.0211766843,0.0263068371,0.2334838364,0.2526011668,0.2753914356,0,0.6518354233,0.2249602191,0.4588155057,1.0850508381,0.0265610598,0.6043942545,0.8477658767,1.1303650036,0.3325701088,0.429048574,0.7965980649,0.147068955,3.9669630542,0.4645754293,9.8893783331,1.7237700284,10.5574544609,1.258935231,0.5835004121,0.4626915783,7.8580250919,0.5537727982,0.0442980468,6.4732090235,0,0.0455301106,0.8993601203,0.2279739887,1.7432119429,0.0691707432,0,0,0,0,0,0,0,0,0,0,0,8.8518073022,0,0,0,
2014,0,0,0,0,0,0,0,0,0,0,0,0.0674999952,1.3724999666,0,0,0,0,0,0,0,0,0,0,14.2357496977,0.4499999762,0,0.0674999952,0,1.2329999566,0.1034999847,0,0.1573009096,0.0356547445,0,0,0,0,0,0,0,0,0,0,0,0,0,0,0,0.6669799447,0,2.1165608212,42.253701973,2.6444504298,0,0,0,0,0,0,2.3834764361,0,0,0,0,0,0.8759103417,0.0807522416,0,0,0,0,31.8058981001,7.4410921097,2.4647040457,0.0394797474,3.0617137909,0,0.4672253907,2.4558451772,1.8426348805,1.4532063439,8.7227784514,0,3.8979158312,0,0.8767370015,0,0,0.0968740046,0.1059719563,0.8986304954,1.1035901666,0,3.2686067164,1.3682617277,1.8132916927,0.6369402766,0,0.0753820896,23.8433140039,4.8996503502,0.6576923609,0,0.1253796846,0,1.2714432165,0,1.7109766871,0.3615902334,0.1269468926,2.4144675173,0.7824952185,7.6730817065,6.3488318443,10.8953736067,0.4193037048,2.5347314656,20.3636999607,1.7037247561,13.9902984619,2.9220613733,1.6819314089,1.5346526682,1.92916774,0.8181883853,1.0071137059,1.5414345294,1.7370819353,1.7798687816,3.2652207457,1.5559887312,0.8035549469,0.9920965619,0.6915805344,0.9510819361,1.3396027371,1.3869929865,0.6861261018,2.5176259756,1.3930725858,1.324890165,1.1454245746,1.0104532287,1.2051198002,1.2686276987,1.7020239744,0.975909571,0.8060825188,1.6841903321,3.9332205653,1.8411450163,1.6599160269,0.5389718941,0.6492202304,1.0417708196,0.8125558618,2.336993175,3.8550171681,1.1257677147,1.0367170893,0.8270785961,1.8417341426,0.54566618,0.4842898734,1.4002418775,3.5083114237,0.7884658627,1.5817539714,0.6856257597,1.1120618209,1.6108812517,0.9664467994,0.3725663308,0.3105990354,0.3240586888,0.25984791,0.5855776269,0.3844590483,1.2155703103,0.127405275,0.2298186578,0.4797181837,0.4496286929,0.3535690434,0.4874733079,1.1481619552,0.4808169782,0.5327555053,0.4073242765,0.1531844586,1.3294441305,0.5734105188,1.2392958775,0.3965704713,0.4289728057,0.4890741516,0.3069204293,0.1453067515,0.3143070534,0.2101400159,0.4009768795,0.2324657978,0.0760460563,0.0731729668,0.1781400498,0.1399597676,0.2909579337,0.1021654438,2.6813225996,0.2452091685,0.1744171917,0.1861776695,0.0932082947,0.2165171634,1.499127112,0.3432651967,0.1147603471,0.1316087265,0.0904550664,0.1242261188,0.0934570119,0.114403484,0.0098999999,0.0463625591,0.142086507,0.4262173595,1.1629181979,0.8438639443,0.4617676882,0.155725861,0.0594629996,0.1243169216,0.0740324402,0.0905686215,0.1272474634,0.1880827289,0.6384629603,0.1441040858,0.0487154024,0.0815420792,0.0965882132,0.0881069578,0.1618296631,0.1216702221,0.2112654803,0.2181274802,0.1187410733,0.1380090753,0.1949626114,0.0821672212,0.0995069673,0.1363961207,0.108285797,0.0965286644,0.0791136917,0.0305847857,0.0886524316,0.4617502164,0.0819024462,0.134352668,0.2147483541,0.034762206,0.0230021,0.0577428458,0.033696897,0.0894644981,3.754908547,0.0920127492,0.1369836636,1.7413516786,0.0892021678,0.1428982479,2.9947075013,11.970426853,5.6429172397,1.764116282,0.4858355634,0.2340716243,0.6851541303,0.1663537142,2.0217404459,1.7771860003,1.7353227543,2.273974704,1.4700491808,2.5520214627,1.488223004,1.6014361089,0.5900589934,0.0051230729,2.9972905057,2.420422831,2.2669052601,6.0161423806,0,6.1676393896,0.2712497441,0,17.1360563636,2.7829867356,0,0,0,0,0,0.3037499845,19.1373513471,0,0,0.2629346132,0,0,0,0.0247499987,0,0,0,0,0,0,0,0,0.5388961673,0,0,0,0.112499997,16.7377583265,0,0,0,0,0,0,0,0.1327499986,1.6592048258,0,0,11.5658163428,0,0,0,0,0,0,0,0,0,0,0,0,3.7237498939,0,0,0,0,0.9349514186,0.3788787365,0,0,0,0,0,0,
2015,0,0.5804999828,0,1.5412498355,0,0,0,0,0.2840840697,0,1.0799999356,1.8151751995,0,0.4769999981,0,0,0,0,1.3313928008,0.3229024291,0,0,0,0.1291900098,0,0,0,0,0,0.917999959,0,2.2110704541,0,0,0,0,0,0,0,1.2898492604,0.1626707405,0.1529335976,0.140674594,0,0,0,0,0,0,0,0.3169644058,1.0841063946,10.4311989665,0.4301088482,28.3039614677,2.1474500924,0,0,0,0,0,0,0,0,11.4266497627,0,0.4587042302,2.742427142,0,0,0,0,0.5720581576,0,0,0,0,0,0,0,2.7743694216,3.7759349927,17.7546666861,0,0,3.7047278628,0.0494999975,0.1102499932,1.3773044974,0.3329999909,0.4090320785,0.0061300403,0.0317145802,0.074675867,0.3050909773,0.6234752037,0.1000388036,0.2299500167,0.2804303408,1.3962244436,2.0966119476,2.3639108889,7.5765890889,8.2853254288,4.8991441682,0.0023191705,0.3469348356,0.9310995288,0.9122093337,0.8059603062,1.1778942078,5.0569220185,1.7540530413,3.1923058931,3.0791534781,10.0702466846,0.235886492,1.7097153421,2.3479959674,1.3091925476,5.665978837,0.4941084743,2.6585705906,3.004723043,3.6156693265,1.6498904347,3.5356079645,5.8031333789,2.2374622773,1.3497483592,1.4377640015,2.4677983731,2.3871727422,1.8330906026,1.4463363551,5.5983788431,0.9136349799,0.5166210245,0.7638208704,0.4055194089,1.1637528006,0.6950244352,3.1012188145,2.4416197859,1.5950799003,0.3796101876,1.7152143072,1.5562774461,1.3472714555,1.6360684413,2.3674519822,0.2953504253,0.7992775798,0.6980046229,0.6649293322,0.6111341363,0.9721610037,0.3982912377,2.524473799,0.4873280361,0.5545136468,0.529046664,0.7721541513,1.0296804728,2.4538648482,0.5215058019,0.4619995404,0.5021793341,0.4913828989,0.1840398489,0.9591850776,0.8502561859,0.6051682162,2.0028477438,1.6246602264,1.0754363828,0.3840323027,0.4733729039,0.8020238943,1.4513054596,0.6851181189,0.5451834114,0.0966454957,0.1648369528,0.1422144689,0.1357799858,0.1753739443,0.1759052232,0.1280271485,0.0942724057,0.1663508848,0.1557649702,0.0298263213,0.1971766237,0.1764235564,0.0350962578,0.1057406727,0.5706982298,1.0407015182,0.4101680401,0.7375761405,0.2609784516,0.0324059829,0.2020732932,0.2105978124,0.0570100011,0.0521047028,0.2315290725,3.4584489211,0.0906256141,0.0526668794,0.1255655255,,,,,,,,,,,,,,,,,,,,,,,,,,,,,,,,,,,,,,,,,,,,,,,,,,,,,,,,,,,,,,,,,,,,,,,,,,,,,,,,,,,,,,,,,,,,,,,,,,,,,,,,,,,,,,,,,,,,,,,,,,,,,,,,,,,,,,,,,,,,,,,,,,,,,,,,,,
